Afrikaans (South Africa),af-ZA-Standard-A,af-ZA,FEMALE,Standard
Arabic,ar-XA-Standard-A,ar-XA,FEMALE,Standard
Arabic,ar-XA-Standard-B,ar-XA,MALE,Standard
Arabic,ar-XA-Standard-C,ar-XA,MALE,Standard
Arabic,ar-XA-Standard-D,ar-XA,FEMALE,Standard
Arabic,ar-XA-Wavenet-A,ar-XA,FEMALE,Premium
Arabic,ar-XA-Wavenet-B,ar-XA,MALE,Premium
Arabic,ar-XA-Wavenet-C,ar-XA,MALE,Premium
Arabic,ar-XA-Wavenet-D,ar-XA,FEMALE,Premium
Basque (Spain),eu-ES-Standard-A,eu-ES,FEMALE,Standard
Bengali (India),bn-IN-Standard-A,bn-IN,FEMALE,Standard
Bengali (India),bn-IN-Standard-B,bn-IN,MALE,Standard
Bengali (India),bn-IN-Standard-C,bn-IN,FEMALE,Standard
Bengali (India),bn-IN-Standard-D,bn-IN,MALE,Standard
Bengali (India),bn-IN-Wavenet-A,bn-IN,FEMALE,Premium
Bengali (India),bn-IN-Wavenet-B,bn-IN,MALE,Premium
Bengali (India),bn-IN-Wavenet-C,bn-IN,FEMALE,Premium
Bengali (India),bn-IN-Wavenet-D,bn-IN,MALE,Premium
Bulgarian (Bulgaria),bg-BG-Standard-A,bg-BG,FEMALE,Standard
Catalan (Spain),ca-ES-Standard-A,ca-ES,FEMALE,Standard
Chinese (Hong Kong),yue-HK-Standard-A,yue-HK,FEMALE,Standard
Chinese (Hong Kong),yue-HK-Standard-B,yue-HK,MALE,Standard
Chinese (Hong Kong),yue-HK-Standard-C,yue-HK,FEMALE,Standard
Chinese (Hong Kong),yue-HK-Standard-D,yue-HK,MALE,Standard
Czech (Czech Republic),cs-CZ-Standard-A,cs-CZ,FEMALE,Standard
Czech (Czech Republic),cs-CZ-Wavenet-A,cs-CZ,FEMALE,Premium
Danish (Denmark),da-DK-Neural2-D,da-DK,FEMALE,Premium
Danish (Denmark),da-DK-Standard-A,da-DK,FEMALE,Standard
Danish (Denmark),da-DK-Standard-C,da-DK,MALE,Standard
Danish (Denmark),da-DK-Standard-D,da-DK,FEMALE,Standard
Danish (Denmark),da-DK-Standard-E,da-DK,FEMALE,Standard
Danish (Denmark),da-DK-Wavenet-A,da-DK,FEMALE,Premium
Danish (Denmark),da-DK-Wavenet-C,da-DK,MALE,Premium
Danish (Denmark),da-DK-Wavenet-D,da-DK,FEMALE,Premium
Danish (Denmark),da-DK-Wavenet-E,da-DK,FEMALE,Premium
Dutch (Belgium),nl-BE-Standard-A,nl-BE,FEMALE,Standard
Dutch (Belgium),nl-BE-Standard-B,nl-BE,MALE,Standard
Dutch (Belgium),nl-BE-Wavenet-A,nl-BE,FEMALE,Premium
Dutch (Belgium),nl-BE-Wavenet-B,nl-BE,MALE,Premium
Dutch (Netherlands),nl-NL-Standard-A,nl-NL,FEMALE,Standard
Dutch (Netherlands),nl-NL-Standard-B,nl-NL,MALE,Standard
Dutch (Netherlands),nl-NL-Standard-C,nl-NL,MALE,Standard
Dutch (Netherlands),nl-NL-Standard-D,nl-NL,FEMALE,Standard
Dutch (Netherlands),nl-NL-Standard-E,nl-NL,FEMALE,Standard
Dutch (Netherlands),nl-NL-Wavenet-A,nl-NL,FEMALE,Premium
Dutch (Netherlands),nl-NL-Wavenet-B,nl-NL,MALE,Premium
Dutch (Netherlands),nl-NL-Wavenet-C,nl-NL,MALE,Premium
Dutch (Netherlands),nl-NL-Wavenet-D,nl-NL,FEMALE,Premium
Dutch (Netherlands),nl-NL-Wavenet-E,nl-NL,FEMALE,Premium
English (Australia),en-AU-Neural2-A,en-AU,FEMALE,Premium
English (Australia),en-AU-Neural2-B,en-AU,MALE,Premium
English (Australia),en-AU-Neural2-C,en-AU,FEMALE,Premium
English (Australia),en-AU-Neural2-D,en-AU,MALE,Premium
English (Australia),en-AU-News-E,en-AU,FEMALE,Premium
English (Australia),en-AU-News-F,en-AU,FEMALE,Premium
English (Australia),en-AU-News-G,en-AU,MALE,Premium
English (Australia),en-AU-Polyglot-1,en-AU,MALE,Premium
English (Australia),en-AU-Standard-A,en-AU,FEMALE,Standard
English (Australia),en-AU-Standard-B,en-AU,MALE,Standard
English (Australia),en-AU-Standard-C,en-AU,FEMALE,Standard
English (Australia),en-AU-Standard-D,en-AU,MALE,Standard
English (Australia),en-AU-Wavenet-A,en-AU,FEMALE,Premium
English (Australia),en-AU-Wavenet-B,en-AU,MALE,Premium
English (Australia),en-AU-Wavenet-C,en-AU,FEMALE,Premium
English (Australia),en-AU-Wavenet-D,en-AU,MALE,Premium
English (India),en-IN-Neural2-A,en-IN,FEMALE,Premium
English (India),en-IN-Neural2-B,en-IN,MALE,Premium
English (India),en-IN-Neural2-C,en-IN,MALE,Premium
English (India),en-IN-Neural2-D,en-IN,FEMALE,Premium
English (India),en-IN-Standard-A,en-IN,FEMALE,Standard
English (India),en-IN-Standard-B,en-IN,MALE,Standard
English (India),en-IN-Standard-C,en-IN,MALE,Standard
English (India),en-IN-Standard-D,en-IN,FEMALE,Standard
English (India),en-IN-Wavenet-A,en-IN,FEMALE,Premium
English (India),en-IN-Wavenet-B,en-IN,MALE,Premium
English (India),en-IN-Wavenet-C,en-IN,MALE,Premium
English (India),en-IN-Wavenet-D,en-IN,FEMALE,Premium
English (UK),en-GB-Neural2-A,en-GB,FEMALE,Premium
English (UK),en-GB-Neural2-B,en-GB,MALE,Premium
English (UK),en-GB-Neural2-C,en-GB,FEMALE,Premium
English (UK),en-GB-Neural2-D,en-GB,MALE,Premium
English (UK),en-GB-Neural2-F,en-GB,FEMALE,Premium
English (UK),en-GB-News-G,en-GB,FEMALE,Premium
English (UK),en-GB-News-H,en-GB,FEMALE,Premium
English (UK),en-GB-News-I,en-GB,FEMALE,Premium
English (UK),en-GB-News-J,en-GB,MALE,Premium
English (UK),en-GB-News-K,en-GB,MALE,Premium
English (UK),en-GB-News-L,en-GB,MALE,Premium
English (UK),en-GB-News-M,en-GB,MALE,Premium
English (UK),en-GB-Standard-A,en-GB,FEMALE,Standard
English (UK),en-GB-Standard-B,en-GB,MALE,Standard
English (UK),en-GB-Standard-C,en-GB,FEMALE,Standard
English (UK),en-GB-Standard-D,en-GB,MALE,Standard
English (UK),en-GB-Standard-F,en-GB,FEMALE,Standard
English (UK),en-GB-Studio-B,en-GB,MALE,Studio
English (UK),en-GB-Studio-C,en-GB,FEMALE,Studio
English (UK),en-GB-Wavenet-A,en-GB,FEMALE,Premium
English (UK),en-GB-Wavenet-B,en-GB,MALE,Premium
English (UK),en-GB-Wavenet-C,en-GB,FEMALE,Premium
English (UK),en-GB-Wavenet-D,en-GB,MALE,Premium
English (UK),en-GB-Wavenet-F,en-GB,FEMALE,Premium
English (US),en-US-Casual-K,en-US,MALE,Premium
English (US),en-US-Journey-D,en-US,MALE,Premium
English (US),en-US-Journey-F,en-US,FEMALE,Premium
English (US),en-US-Journey-O,en-US,FEMALE,Premium
English (US),en-US-Neural2-A,en-US,MALE,Premium
English (US),en-US-Neural2-C,en-US,FEMALE,Premium
English (US),en-US-Neural2-D,en-US,MALE,Premium
English (US),en-US-Neural2-E,en-US,FEMALE,Premium
English (US),en-US-Neural2-F,en-US,FEMALE,Premium
English (US),en-US-Neural2-G,en-US,FEMALE,Premium
English (US),en-US-Neural2-H,en-US,FEMALE,Premium
English (US),en-US-Neural2-I,en-US,MALE,Premium
English (US),en-US-Neural2-J,en-US,MALE,Premium
English (US),en-US-News-K,en-US,FEMALE,Premium
English (US),en-US-News-L,en-US,FEMALE,Premium
English (US),en-US-News-N,en-US,MALE,Premium
English (US),en-US-Polyglot-1,en-US,MALE,Premium
English (US),en-US-Standard-A,en-US,MALE,Standard
English (US),en-US-Standard-B,en-US,MALE,Standard
English (US),en-US-Standard-C,en-US,FEMALE,Standard
English (US),en-US-Standard-D,en-US,MALE,Standard
English (US),en-US-Standard-E,en-US,FEMALE,Standard
English (US),en-US-Standard-F,en-US,FEMALE,Standard
English (US),en-US-Standard-G,en-US,FEMALE,Standard
English (US),en-US-Standard-H,en-US,FEMALE,Standard
English (US),en-US-Standard-I,en-US,MALE,Standard
English (US),en-US-Standard-J,en-US,MALE,Standard
English (US),en-US-Studio-O,en-US,FEMALE,Studio
English (US),en-US-Studio-Q,en-US,MALE,Studio
English (US),en-US-Wavenet-A,en-US,MALE,Premium
English (US),en-US-Wavenet-B,en-US,MALE,Premium
English (US),en-US-Wavenet-C,en-US,FEMALE,Premium
English (US),en-US-Wavenet-D,en-US,MALE,Premium
English (US),en-US-Wavenet-E,en-US,FEMALE,Premium
English (US),en-US-Wavenet-F,en-US,FEMALE,Premium
English (US),en-US-Wavenet-G,en-US,FEMALE,Premium
English (US),en-US-Wavenet-H,en-US,FEMALE,Premium
English (US),en-US-Wavenet-I,en-US,MALE,Premium
English (US),en-US-Wavenet-J,en-US,MALE,Premium
Filipino (Philippines),fil-PH-Standard-A,fil-PH,FEMALE,Standard
Filipino (Philippines),fil-PH-Standard-B,fil-PH,FEMALE,Standard
Filipino (Philippines),fil-PH-Standard-C,fil-PH,MALE,Standard
Filipino (Philippines),fil-PH-Standard-D,fil-PH,MALE,Standard
Filipino (Philippines),fil-PH-Wavenet-A,fil-PH,FEMALE,Premium
Filipino (Philippines),fil-PH-Wavenet-B,fil-PH,FEMALE,Premium
Filipino (Philippines),fil-PH-Wavenet-C,fil-PH,MALE,Premium
Filipino (Philippines),fil-PH-Wavenet-D,fil-PH,MALE,Premium
Filipino (Philippines),fil-ph-Neural2-A,fil-PH,FEMALE,Premium
Filipino (Philippines),fil-ph-Neural2-D,fil-PH,MALE,Premium
Finnish (Finland),fi-FI-Standard-A,fi-FI,FEMALE,Standard
Finnish (Finland),fi-FI-Wavenet-A,fi-FI,FEMALE,Premium
French (Canada),fr-CA-Neural2-A,fr-CA,FEMALE,Premium
French (Canada),fr-CA-Neural2-B,fr-CA,MALE,Premium
French (Canada),fr-CA-Neural2-C,fr-CA,FEMALE,Premium
French (Canada),fr-CA-Neural2-D,fr-CA,MALE,Premium
French (Canada),fr-CA-Standard-A,fr-CA,FEMALE,Standard
French (Canada),fr-CA-Standard-B,fr-CA,MALE,Standard
French (Canada),fr-CA-Standard-C,fr-CA,FEMALE,Standard
French (Canada),fr-CA-Standard-D,fr-CA,MALE,Standard
French (Canada),fr-CA-Wavenet-A,fr-CA,FEMALE,Premium
French (Canada),fr-CA-Wavenet-B,fr-CA,MALE,Premium
French (Canada),fr-CA-Wavenet-C,fr-CA,FEMALE,Premium
French (Canada),fr-CA-Wavenet-D,fr-CA,MALE,Premium
French (France),fr-FR-Neural2-A,fr-FR,FEMALE,Premium
French (France),fr-FR-Neural2-B,fr-FR,MALE,Premium
French (France),fr-FR-Neural2-C,fr-FR,FEMALE,Premium
French (France),fr-FR-Neural2-D,fr-FR,MALE,Premium
French (France),fr-FR-Neural2-E,fr-FR,FEMALE,Premium
French (France),fr-FR-Polyglot-1,fr-FR,MALE,Premium
French (France),fr-FR-Standard-A,fr-FR,FEMALE,Standard
French (France),fr-FR-Standard-B,fr-FR,MALE,Standard
French (France),fr-FR-Standard-C,fr-FR,FEMALE,Standard
French (France),fr-FR-Standard-D,fr-FR,MALE,Standard
French (France),fr-FR-Standard-E,fr-FR,FEMALE,Standard
French (France),fr-FR-Studio-A,fr-FR,FEMALE,Studio
French (France),fr-FR-Studio-D,fr-FR,MALE,Studio
French (France),fr-FR-Wavenet-A,fr-FR,FEMALE,Premium
French (France),fr-FR-Wavenet-B,fr-FR,MALE,Premium
French (France),fr-FR-Wavenet-C,fr-FR,FEMALE,Premium
French (France),fr-FR-Wavenet-D,fr-FR,MALE,Premium
French (France),fr-FR-Wavenet-E,fr-FR,FEMALE,Premium
Galician (Spain),gl-ES-Standard-A,gl-ES,FEMALE,Standard
German (Germany),de-DE-Neural2-A,de-DE,FEMALE,Premium
German (Germany),de-DE-Neural2-B,de-DE,MALE,Premium
German (Germany),de-DE-Neural2-C,de-DE,FEMALE,Premium
German (Germany),de-DE-Neural2-D,de-DE,MALE,Premium
German (Germany),de-DE-Neural2-F,de-DE,FEMALE,Premium
German (Germany),de-DE-Polyglot-1,de-DE,MALE,Premium
German (Germany),de-DE-Standard-A,de-DE,FEMALE,Standard
German (Germany),de-DE-Standard-B,de-DE,MALE,Standard
German (Germany),de-DE-Standard-C,de-DE,FEMALE,Standard
German (Germany),de-DE-Standard-D,de-DE,MALE,Standard
German (Germany),de-DE-Standard-E,de-DE,MALE,Standard
German (Germany),de-DE-Standard-F,de-DE,FEMALE,Standard
German (Germany),de-DE-Studio-B,de-DE,MALE,Studio
German (Germany),de-DE-Studio-C,de-DE,FEMALE,Studio
German (Germany),de-DE-Wavenet-A,de-DE,FEMALE,Premium
German (Germany),de-DE-Wavenet-B,de-DE,MALE,Premium
German (Germany),de-DE-Wavenet-C,de-DE,FEMALE,Premium
German (Germany),de-DE-Wavenet-D,de-DE,MALE,Premium
German (Germany),de-DE-Wavenet-E,de-DE,MALE,Premium
German (Germany),de-DE-Wavenet-F,de-DE,FEMALE,Premium
Greek (Greece),el-GR-Standard-A,el-GR,FEMALE,Standard
Greek (Greece),el-GR-Wavenet-A,el-GR,FEMALE,Premium
Gujarati (India),gu-IN-Standard-A,gu-IN,FEMALE,Standard
Gujarati (India),gu-IN-Standard-B,gu-IN,MALE,Standard
Gujarati (India),gu-IN-Standard-C,gu-IN,FEMALE,Standard
Gujarati (India),gu-IN-Standard-D,gu-IN,MALE,Standard
Gujarati (India),gu-IN-Wavenet-A,gu-IN,FEMALE,Premium
Gujarati (India),gu-IN-Wavenet-B,gu-IN,MALE,Premium
Gujarati (India),gu-IN-Wavenet-C,gu-IN,FEMALE,Premium
Gujarati (India),gu-IN-Wavenet-D,gu-IN,MALE,Premium
Hebrew (Israel),he-IL-Standard-A,he-IL,FEMALE,Standard
Hebrew (Israel),he-IL-Standard-B,he-IL,MALE,Standard
Hebrew (Israel),he-IL-Standard-C,he-IL,FEMALE,Standard
Hebrew (Israel),he-IL-Standard-D,he-IL,MALE,Standard
Hebrew (Israel),he-IL-Wavenet-A,he-IL,FEMALE,Premium
Hebrew (Israel),he-IL-Wavenet-B,he-IL,MALE,Premium
Hebrew (Israel),he-IL-Wavenet-C,he-IL,FEMALE,Premium
Hebrew (Israel),he-IL-Wavenet-D,he-IL,MALE,Premium
Hindi (India),hi-IN-Neural2-A,hi-IN,FEMALE,Premium
Hindi (India),hi-IN-Neural2-B,hi-IN,MALE,Premium
Hindi (India),hi-IN-Neural2-C,hi-IN,MALE,Premium
Hindi (India),hi-IN-Neural2-D,hi-IN,FEMALE,Premium
Hindi (India),hi-IN-Standard-A,hi-IN,FEMALE,Standard
Hindi (India),hi-IN-Standard-B,hi-IN,MALE,Standard
Hindi (India),hi-IN-Standard-C,hi-IN,MALE,Standard
Hindi (India),hi-IN-Standard-D,hi-IN,FEMALE,Standard
Hindi (India),hi-IN-Wavenet-A,hi-IN,FEMALE,Premium
Hindi (India),hi-IN-Wavenet-B,hi-IN,MALE,Premium
Hindi (India),hi-IN-Wavenet-C,hi-IN,MALE,Premium
Hindi (India),hi-IN-Wavenet-D,hi-IN,FEMALE,Premium
Hungarian (Hungary),hu-HU-Standard-A,hu-HU,FEMALE,Standard
Hungarian (Hungary),hu-HU-Wavenet-A,hu-HU,FEMALE,Premium
Icelandic (Iceland),is-IS-Standard-A,is-IS,FEMALE,Standard
Indonesian (Indonesia),id-ID-Standard-A,id-ID,FEMALE,Standard
Indonesian (Indonesia),id-ID-Standard-B,id-ID,MALE,Standard
Indonesian (Indonesia),id-ID-Standard-C,id-ID,MALE,Standard
Indonesian (Indonesia),id-ID-Standard-D,id-ID,FEMALE,Standard
Indonesian (Indonesia),id-ID-Wavenet-A,id-ID,FEMALE,Premium
Indonesian (Indonesia),id-ID-Wavenet-B,id-ID,MALE,Premium
Indonesian (Indonesia),id-ID-Wavenet-C,id-ID,MALE,Premium
Indonesian (Indonesia),id-ID-Wavenet-D,id-ID,FEMALE,Premium
Italian (Italy),it-IT-Neural2-A,it-IT,FEMALE,Premium
Italian (Italy),it-IT-Neural2-C,it-IT,MALE,Premium
Italian (Italy),it-IT-Standard-A,it-IT,FEMALE,Standard
Italian (Italy),it-IT-Standard-B,it-IT,FEMALE,Standard
Italian (Italy),it-IT-Standard-C,it-IT,MALE,Standard
Italian (Italy),it-IT-Standard-D,it-IT,MALE,Standard
Italian (Italy),it-IT-Wavenet-A,it-IT,FEMALE,Premium
Italian (Italy),it-IT-Wavenet-B,it-IT,FEMALE,Premium
Italian (Italy),it-IT-Wavenet-C,it-IT,MALE,Premium
Italian (Italy),it-IT-Wavenet-D,it-IT,MALE,Premium
Japanese (Japan),ja-JP-Neural2-B,ja-JP,FEMALE,Premium
Japanese (Japan),ja-JP-Neural2-C,ja-JP,MALE,Premium
Japanese (Japan),ja-JP-Neural2-D,ja-JP,MALE,Premium
Japanese (Japan),ja-JP-Standard-A,ja-JP,FEMALE,Standard
Japanese (Japan),ja-JP-Standard-B,ja-JP,FEMALE,Standard
Japanese (Japan),ja-JP-Standard-C,ja-JP,MALE,Standard
Japanese (Japan),ja-JP-Standard-D,ja-JP,MALE,Standard
Japanese (Japan),ja-JP-Wavenet-A,ja-JP,FEMALE,Premium
Japanese (Japan),ja-JP-Wavenet-B,ja-JP,FEMALE,Premium
Japanese (Japan),ja-JP-Wavenet-C,ja-JP,MALE,Premium
Japanese (Japan),ja-JP-Wavenet-D,ja-JP,MALE,Premium
Kannada (India),kn-IN-Standard-A,kn-IN,FEMALE,Standard
Kannada (India),kn-IN-Standard-B,kn-IN,MALE,Standard
Kannada (India),kn-IN-Standard-C,kn-IN,FEMALE,Standard
Kannada (India),kn-IN-Standard-D,kn-IN,MALE,Standard
Kannada (India),kn-IN-Wavenet-A,kn-IN,FEMALE,Premium
Kannada (India),kn-IN-Wavenet-B,kn-IN,MALE,Premium
Kannada (India),kn-IN-Wavenet-C,kn-IN,FEMALE,Premium
Kannada (India),kn-IN-Wavenet-D,kn-IN,MALE,Premium
Korean (South Korea),ko-KR-Neural2-A,ko-KR,FEMALE,Premium
Korean (South Korea),ko-KR-Neural2-B,ko-KR,FEMALE,Premium
Korean (South Korea),ko-KR-Neural2-C,ko-KR,MALE,Premium
Korean (South Korea),ko-KR-Standard-A,ko-KR,FEMALE,Standard
Korean (South Korea),ko-KR-Standard-B,ko-KR,FEMALE,Standard
Korean (South Korea),ko-KR-Standard-C,ko-KR,MALE,Standard
Korean (South Korea),ko-KR-Standard-D,ko-KR,MALE,Standard
Korean (South Korea),ko-KR-Wavenet-A,ko-KR,FEMALE,Premium
Korean (South Korea),ko-KR-Wavenet-B,ko-KR,FEMALE,Premium
Korean (South Korea),ko-KR-Wavenet-C,ko-KR,MALE,Premium
Korean (South Korea),ko-KR-Wavenet-D,ko-KR,MALE,Premium
Latvian (Latvia),lv-LV-Standard-A,lv-LV,MALE,Standard
Lithuanian (Lithuania),lt-LT-Standard-A,lt-LT,MALE,Standard
Malay (Malaysia),ms-MY-Standard-A,ms-MY,FEMALE,Standard
Malay (Malaysia),ms-MY-Standard-B,ms-MY,MALE,Standard
Malay (Malaysia),ms-MY-Standard-C,ms-MY,FEMALE,Standard
Malay (Malaysia),ms-MY-Standard-D,ms-MY,MALE,Standard
Malay (Malaysia),ms-MY-Wavenet-A,ms-MY,FEMALE,Premium
Malay (Malaysia),ms-MY-Wavenet-B,ms-MY,MALE,Premium
Malay (Malaysia),ms-MY-Wavenet-C,ms-MY,FEMALE,Premium
Malay (Malaysia),ms-MY-Wavenet-D,ms-MY,MALE,Premium
Malayalam (India),ml-IN-Standard-A,ml-IN,FEMALE,Standard
Malayalam (India),ml-IN-Standard-B,ml-IN,MALE,Standard
Malayalam (India),ml-IN-Standard-C,ml-IN,FEMALE,Standard
Malayalam (India),ml-IN-Standard-D,ml-IN,MALE,Standard
Malayalam (India),ml-IN-Wavenet-A,ml-IN,FEMALE,Premium
Malayalam (India),ml-IN-Wavenet-B,ml-IN,MALE,Premium
Malayalam (India),ml-IN-Wavenet-C,ml-IN,FEMALE,Premium
Malayalam (India),ml-IN-Wavenet-D,ml-IN,MALE,Premium
Mandarin Chinese,cmn-CN-Standard-A,cmn-CN,FEMALE,Standard
Mandarin Chinese,cmn-CN-Standard-B,cmn-CN,MALE,Standard
Mandarin Chinese,cmn-CN-Standard-C,cmn-CN,MALE,Standard
Mandarin Chinese,cmn-CN-Standard-D,cmn-CN,FEMALE,Standard
Mandarin Chinese,cmn-CN-Wavenet-A,cmn-CN,FEMALE,Premium
Mandarin Chinese,cmn-CN-Wavenet-B,cmn-CN,MALE,Premium
Mandarin Chinese,cmn-CN-Wavenet-C,cmn-CN,MALE,Premium
Mandarin Chinese,cmn-CN-Wavenet-D,cmn-CN,FEMALE,Premium
Mandarin Chinese,cmn-TW-Standard-A,cmn-TW,FEMALE,Standard
Mandarin Chinese,cmn-TW-Standard-B,cmn-TW,MALE,Standard
Mandarin Chinese,cmn-TW-Standard-C,cmn-TW,MALE,Standard
Mandarin Chinese,cmn-TW-Wavenet-A,cmn-TW,FEMALE,Premium
Mandarin Chinese,cmn-TW-Wavenet-B,cmn-TW,MALE,Premium
Mandarin Chinese,cmn-TW-Wavenet-C,cmn-TW,MALE,Premium
Marathi (India),mr-IN-Standard-A,mr-IN,FEMALE,Standard
Marathi (India),mr-IN-Standard-B,mr-IN,MALE,Standard
Marathi (India),mr-IN-Standard-C,mr-IN,FEMALE,Standard
Marathi (India),mr-IN-Wavenet-A,mr-IN,FEMALE,Premium
Marathi (India),mr-IN-Wavenet-B,mr-IN,MALE,Premium
Marathi (India),mr-IN-Wavenet-C,mr-IN,FEMALE,Premium
Norwegian (Norway),nb-NO-Standard-A,nb-NO,FEMALE,Standard
Norwegian (Norway),nb-NO-Standard-B,nb-NO,MALE,Standard
Norwegian (Norway),nb-NO-Standard-C,nb-NO,FEMALE,Standard
Norwegian (Norway),nb-NO-Standard-D,nb-NO,MALE,Standard
Norwegian (Norway),nb-NO-Standard-E,nb-NO,FEMALE,Standard
Norwegian (Norway),nb-NO-Wavenet-A,nb-NO,FEMALE,Premium
Norwegian (Norway),nb-NO-Wavenet-B,nb-NO,MALE,Premium
Norwegian (Norway),nb-NO-Wavenet-C,nb-NO,FEMALE,Premium
Norwegian (Norway),nb-NO-Wavenet-D,nb-NO,MALE,Premium
Norwegian (Norway),nb-NO-Wavenet-E,nb-NO,FEMALE,Premium
Polish (Poland),pl-PL-Standard-A,pl-PL,FEMALE,Standard
Polish (Poland),pl-PL-Standard-B,pl-PL,MALE,Standard
Polish (Poland),pl-PL-Standard-C,pl-PL,MALE,Standard
Polish (Poland),pl-PL-Standard-D,pl-PL,FEMALE,Standard
Polish (Poland),pl-PL-Standard-E,pl-PL,FEMALE,Standard
Polish (Poland),pl-PL-Wavenet-A,pl-PL,FEMALE,Premium
Polish (Poland),pl-PL-Wavenet-B,pl-PL,MALE,Premium
Polish (Poland),pl-PL-Wavenet-C,pl-PL,MALE,Premium
Polish (Poland),pl-PL-Wavenet-D,pl-PL,FEMALE,Premium
Polish (Poland),pl-PL-Wavenet-E,pl-PL,FEMALE,Premium
Portuguese (Brazil),pt-BR-Neural2-A,pt-BR,FEMALE,Premium
Portuguese (Brazil),pt-BR-Neural2-B,pt-BR,MALE,Premium
Portuguese (Brazil),pt-BR-Neural2-C,pt-BR,FEMALE,Premium
Portuguese (Brazil),pt-BR-Standard-A,pt-BR,FEMALE,Standard
Portuguese (Brazil),pt-BR-Standard-B,pt-BR,MALE,Standard
Portuguese (Brazil),pt-BR-Standard-C,pt-BR,FEMALE,Standard
Portuguese (Brazil),pt-BR-Studio-B,pt-BR,MALE,Studio
Portuguese (Brazil),pt-BR-Studio-C,pt-BR,FEMALE,Studio
Portuguese (Brazil),pt-BR-Wavenet-A,pt-BR,FEMALE,Premium
Portuguese (Brazil),pt-BR-Wavenet-B,pt-BR,MALE,Premium
Portuguese (Brazil),pt-BR-Wavenet-C,pt-BR,FEMALE,Premium
Portuguese (Portugal),pt-PT-Standard-A,pt-PT,FEMALE,Standard
Portuguese (Portugal),pt-PT-Standard-B,pt-PT,MALE,Standard
Portuguese (Portugal),pt-PT-Standard-C,pt-PT,MALE,Standard
Portuguese (Portugal),pt-PT-Standard-D,pt-PT,FEMALE,Standard
Portuguese (Portugal),pt-PT-Wavenet-A,pt-PT,FEMALE,Premium
Portuguese (Portugal),pt-PT-Wavenet-B,pt-PT,MALE,Premium
Portuguese (Portugal),pt-PT-Wavenet-C,pt-PT,MALE,Premium
Portuguese (Portugal),pt-PT-Wavenet-D,pt-PT,FEMALE,Premium
Punjabi (India),pa-IN-Standard-A,pa-IN,FEMALE,Standard
Punjabi (India),pa-IN-Standard-B,pa-IN,MALE,Standard
Punjabi (India),pa-IN-Standard-C,pa-IN,FEMALE,Standard
Punjabi (India),pa-IN-Standard-D,pa-IN,MALE,Standard
Punjabi (India),pa-IN-Wavenet-A,pa-IN,FEMALE,Premium
Punjabi (India),pa-IN-Wavenet-B,pa-IN,MALE,Premium
Punjabi (India),pa-IN-Wavenet-C,pa-IN,FEMALE,Premium
Punjabi (India),pa-IN-Wavenet-D,pa-IN,MALE,Premium
Romanian (Romania),ro-RO-Standard-A,ro-RO,FEMALE,Standard
Romanian (Romania),ro-RO-Wavenet-A,ro-RO,FEMALE,Premium
Russian (Russia),ru-RU-Standard-A,ru-RU,FEMALE,Standard
Russian (Russia),ru-RU-Standard-B,ru-RU,MALE,Standard
Russian (Russia),ru-RU-Standard-C,ru-RU,FEMALE,Standard
Russian (Russia),ru-RU-Standard-D,ru-RU,MALE,Standard
Russian (Russia),ru-RU-Standard-E,ru-RU,FEMALE,Standard
Russian (Russia),ru-RU-Wavenet-A,ru-RU,FEMALE,Premium
Russian (Russia),ru-RU-Wavenet-B,ru-RU,MALE,Premium
Russian (Russia),ru-RU-Wavenet-C,ru-RU,FEMALE,Premium
Russian (Russia),ru-RU-Wavenet-D,ru-RU,MALE,Premium
Russian (Russia),ru-RU-Wavenet-E,ru-RU,FEMALE,Premium
Serbian (Cyrillic),sr-RS-Standard-A,sr-RS,FEMALE,Standard
Slovak (Slovakia),sk-SK-Standard-A,sk-SK,FEMALE,Standard
Slovak (Slovakia),sk-SK-Wavenet-A,sk-SK,FEMALE,Premium
Spanish (Spain),es-ES-Neural2-A,es-ES,FEMALE,Premium
Spanish (Spain),es-ES-Neural2-B,es-ES,MALE,Premium
Spanish (Spain),es-ES-Neural2-C,es-ES,FEMALE,Premium
Spanish (Spain),es-ES-Neural2-D,es-ES,FEMALE,Premium
Spanish (Spain),es-ES-Neural2-E,es-ES,FEMALE,Premium
Spanish (Spain),es-ES-Neural2-F,es-ES,MALE,Premium
Spanish (Spain),es-ES-Polyglot-1,es-ES,MALE,Premium
Spanish (Spain),es-ES-Standard-A,es-ES,FEMALE,Standard
Spanish (Spain),es-ES-Standard-B,es-ES,MALE,Standard
Spanish (Spain),es-ES-Standard-C,es-ES,FEMALE,Standard
Spanish (Spain),es-ES-Standard-D,es-ES,FEMALE,Standard
Spanish (Spain),es-ES-Studio-C,es-ES,FEMALE,Studio
Spanish (Spain),es-ES-Studio-F,es-ES,MALE,Studio
Spanish (Spain),es-ES-Wavenet-B,es-ES,MALE,Premium
Spanish (Spain),es-ES-Wavenet-C,es-ES,FEMALE,Premium
Spanish (Spain),es-ES-Wavenet-D,es-ES,FEMALE,Premium
Spanish (US),es-US-Neural2-A,es-US,FEMALE,Premium
Spanish (US),es-US-Neural2-B,es-US,MALE,Premium
Spanish (US),es-US-Neural2-C,es-US,MALE,Premium
Spanish (US),es-US-News-D,es-US,MALE,Premium
Spanish (US),es-US-News-E,es-US,MALE,Premium
Spanish (US),es-US-News-F,es-US,FEMALE,Premium
Spanish (US),es-US-News-G,es-US,FEMALE,Premium
Spanish (US),es-US-Polyglot-1,es-US,MALE,Premium
Spanish (US),es-US-Standard-A,es-US,FEMALE,Standard
Spanish (US),es-US-Standard-B,es-US,MALE,Standard
Spanish (US),es-US-Standard-C,es-US,MALE,Standard
Spanish (US),es-US-Studio-B,es-US,MALE,Studio
Spanish (US),es-US-Wavenet-A,es-US,FEMALE,Premium
Spanish (US),es-US-Wavenet-B,es-US,MALE,Premium
Spanish (US),es-US-Wavenet-C,es-US,MALE,Premium
Swedish (Sweden),sv-SE-Standard-A,sv-SE,FEMALE,Standard
Swedish (Sweden),sv-SE-Standard-B,sv-SE,FEMALE,Standard
Swedish (Sweden),sv-SE-Standard-C,sv-SE,FEMALE,Standard
Swedish (Sweden),sv-SE-Standard-D,sv-SE,MALE,Standard
Swedish (Sweden),sv-SE-Standard-E,sv-SE,MALE,Standard
Swedish (Sweden),sv-SE-Wavenet-A,sv-SE,FEMALE,Premium
Swedish (Sweden),sv-SE-Wavenet-B,sv-SE,FEMALE,Premium
Swedish (Sweden),sv-SE-Wavenet-C,sv-SE,MALE,Premium
Swedish (Sweden),sv-SE-Wavenet-D,sv-SE,FEMALE,Premium
Swedish (Sweden),sv-SE-Wavenet-E,sv-SE,MALE,Premium
Tamil (India),ta-IN-Standard-A,ta-IN,FEMALE,Standard
Tamil (India),ta-IN-Standard-B,ta-IN,MALE,Standard
Tamil (India),ta-IN-Standard-C,ta-IN,FEMALE,Standard
Tamil (India),ta-IN-Standard-D,ta-IN,MALE,Standard
Tamil (India),ta-IN-Wavenet-A,ta-IN,FEMALE,Premium
Tamil (India),ta-IN-Wavenet-B,ta-IN,MALE,Premium
Tamil (India),ta-IN-Wavenet-C,ta-IN,FEMALE,Premium
Tamil (India),ta-IN-Wavenet-D,ta-IN,MALE,Premium
Telugu (India),te-IN-Standard-A,te-IN,FEMALE,Standard
Telugu (India),te-IN-Standard-B,te-IN,MALE,Standard
Thai (Thailand),th-TH-Neural2-C,th-TH,FEMALE,Premium
Thai (Thailand),th-TH-Standard-A,th-TH,FEMALE,Standard
Turkish (Turkey),tr-TR-Standard-A,tr-TR,FEMALE,Standard
Turkish (Turkey),tr-TR-Standard-B,tr-TR,MALE,Standard
Turkish (Turkey),tr-TR-Standard-C,tr-TR,FEMALE,Standard
Turkish (Turkey),tr-TR-Standard-D,tr-TR,FEMALE,Standard
Turkish (Turkey),tr-TR-Standard-E,tr-TR,MALE,Standard
Turkish (Turkey),tr-TR-Wavenet-A,tr-TR,FEMALE,Premium
Turkish (Turkey),tr-TR-Wavenet-B,tr-TR,MALE,Premium
Turkish (Turkey),tr-TR-Wavenet-C,tr-TR,FEMALE,Premium
Turkish (Turkey),tr-TR-Wavenet-D,tr-TR,FEMALE,Premium
Turkish (Turkey),tr-TR-Wavenet-E,tr-TR,MALE,Premium
Ukrainian (Ukraine),uk-UA-Standard-A,uk-UA,FEMALE,Standard
Ukrainian (Ukraine),uk-UA-Wavenet-A,uk-UA,FEMALE,Premium
Vietnamese (Vietnam),vi-VN-Neural2-A,vi-VN,FEMALE,Premium
Vietnamese (Vietnam),vi-VN-Neural2-D,vi-VN,MALE,Premium
Vietnamese (Vietnam),vi-VN-Standard-A,vi-VN,FEMALE,Standard
Vietnamese (Vietnam),vi-VN-Standard-B,vi-VN,MALE,Standard
Vietnamese (Vietnam),vi-VN-Standard-C,vi-VN,FEMALE,Standard
Vietnamese (Vietnam),vi-VN-Standard-D,vi-VN,MALE,Standard
Vietnamese (Vietnam),vi-VN-Wavenet-A,vi-VN,FEMALE,Premium
Vietnamese (Vietnam),vi-VN-Wavenet-B,vi-VN,MALE,Premium
Vietnamese (Vietnam),vi-VN-Wavenet-C,vi-VN,FEMALE,Premium
Vietnamese (Vietnam),vi-VN-Wavenet-D,vi-VN,MALE,Premium